"stage_id","track_id","order","name","decider","venue","typical_duration","basis","source_id"
"cip-direction","cip","1","CIP direction","School Board","School Board meeting","","fact","cip-fy27-36"
"cip-proposal","cip","2","Superintendent's proposed CIP","Superintendent","School Board meeting information item","","fact","cip-fy27-36"
"cip-adoption","cip","3","CIP adoption and bond request","School Board","School Board meeting (vote)","","fact","cip-fy27-36"
"cip-county-ballot","cip","4","County Board resolution and court-ordered election","County Board then Circuit Court","County Board meeting","","requirement","cip-fy27-36"
"cip-referendum","cip","5","Bond referendum","Arlington voters","General election","","fact","county-bond-2026"
"cip-design","cip","6","Project development and design","School Board","School Board meetings (approves at design milestones)","","estimate","cip-fy27-36"
"cip-construction","cip","7","Construction","APS Facilities and Operations","Site","","estimate","cip-fy27-36"
"mcmm-work-order","mcmm","1","Need entered as a work order","School work-order coordinator","School (each facility has a designated coordinator)","","fact","aps-maintenance-services"
"mcmm-assessment","mcmm","2","Facilities assessment and placement in the MC/MM program","APS Facilities and Operations","Staff; no public list of candidate projects","","interpretation","aps-maintenance-services"
"mcmm-budget","mcmm","3","Annual MC/MM funding in the Capital Projects Fund","School Board","Budget adoption (Superintendent proposes; Board holds public hearings)","annual","fact","aps-budget-page"
"mcmm-execution","mcmm","4","Project execution","APS Facilities and Operations","Site","","fact","aps-maintenance-services"
"gift-proposal","gift","1","Donor proposal to principal (2025 draft policy)","Principal","School","","requirement","policy-d15-draft-2025"
"gift-staff-review","gift","2","Review by Asst. Supt. F&O and Superintendent (2025 draft policy)","Superintendent (or designee)","Staff review","","requirement","policy-d15-draft-2025"
"gift-board","gift","3","School Board approval (projects >= $100,001) (2025 draft policy)","School Board","School Board meeting","","requirement","policy-d15-draft-2025"
"gift-mou","gift","4","MOU (>= $15,000) or acceptance letter (< $15,000) (2025 draft policy)","School Board or Superintendent; principal for < $15,000","","","requirement","policy-d15-draft-2025"